{
"lengthUnit": "mil",
"components": {
	"fields": ["COMPONENT_NO", "COMPONENT_NAME", "LAYER", "X_COORDINATE", "Y_COORDINATE", "ANGLE"],
	"rows": [
		[1, "C1", "T", 112.01, 505, 270],
		[2, "C2", "T", -50, 505, 270],
		[3, "C3", "T", -230, 325, 0],
		[4, "C4", "T", -15, 45, 90],
		[5, "C5", "T", 110, 45, 90],
		[6, "C6", "T", 255, 390, 180],
		[7, "C7", "T", -175, 100, 135],
		[8, "C9", "T", 30, 45, 90],
		[9, "C10", "T", -228.98, 272.95, 0],
		[10, "C11", "T", 25, 535, 270],
		[11, "C12", "T", 600, -135, 0],
		[12, "C13", "T", -635, 380, 0],
		[13, "C14", "T", -635, -85, 0],
		[14, "C15", "T", -380, 135, 180],
		[15, "C16", "T", -285, 380, 180],
		[16, "C17", "T", 220, 95, 0],
		[17, "C18", "T", 340, 125, 90],
		[18, "C19", "T", 255, 330, 180],
		[19, "C20", "T", -450, 25, 270],
		[20, "C21", "T", -495, 25, 90],
		[21, "C22", "T", -397.95, 522.09, 90],
		[22, "C23", "T", -452.95, 522.09, 90],
		[23, "C24", "T", -297.95, 612.09, 0],
		[24, "D1", "T", 0, -275, 270],
		[25, "H1", "T", -210, 725, 0],
		[26, "H2", "T", 150, 725, 0],
		[27, "IMU", "T", -297.95, 522.09, 180],
		[28, "L1", "T", 240, 170, 180],
		[29, "LED1", "T", 0, -80, 180],
		[30, "R1", "T", 186.02, -116.17, 0],
		[31, "R2", "T", -187.17, -215.74, 0],
		[32, "R3", "T", -95, -375, 180],
		[33, "R4", "T", 95, -375, 0],
		[34, "R5", "T", -335, 330, 0],
		[35, "R6", "T", 215, 230, 180],
		[36, "R7", "T", 215, 270, 180],
		[37, "R8", "T", 220, 30, 180],
		[38, "R17", "T", 0, -145, 180],
		[39, "R22", "T", -468.59, -271.41, 270],
		[40, "R23", "T", -523.59, -271.41, 270],
		[41, "R24", "T", -578.59, -271.41, 270],
		[42, "R25", "T", -633.59, -271.41, 270],
		[43, "RGB", "T", -548.59, -461.41, 90],
		[44, "SW1", "T", 290, -185, 90],
		[45, "SW2", "T", -700, 595, 270],
		[46, "U1", "T", -2.08, 276.43, 270],
		[47, "U2", "T", 560, 100, 180],
		[48, "U3", "T", -635, 145, 90],
		[49, "U4", "T", -380, 235, 0],
		[50, "U5", "T", -355, 30, 0],
		[51, "USB1", "T", 0, -525, 0],
		[52, "USB_BOOT", "T", -288.15, -277.44, 270]
	]
},
"pins": {
	"fields": ["PIN_NO", "PIN_NAME", "PIN_X", "PIN_Y", "LAYER", "PIN_TYPE", "NET_NAME", "NET_TYPE", "PAD_SHAPE", "PAD_SIZEX", "PAD_SIZEY", "HOLE_SIZE", "PAD_ANGLE"],
	"rows": [
		[1, "C1_1", 112.01, 526.46, "T", "SMD", "GND", "GND", "R", 31.11, 21.26, 0, 270],
		[2, "C1_2", 112.01, 483.54, "T", "SMD", "VCC", "", "R", 31.11, 21.26, 0, 270],
		[3, "C2_1", -50, 526.46, "T", "SMD", "GND", "GND", "R", 31.11, 21.26, 0, 270],
		[4, "C2_2", -50, 483.54, "T", "SMD", "VCC", "", "R", 31.11, 21.26, 0, 270],
		[5, "C3_1", -251.46, 325, "T", "SMD", "GND", "GND", "R", 31.11, 21.26, 0, 0],
		[6, "C3_2", -208.54, 325, "T", "SMD", "VCC", "", "R", 31.11, 21.26, 0, 0],
		[7, "C4_1", -15, 23.54, "T", "SMD", "GND", "GND", "R", 31.11, 21.26, 0, 90],
		[8, "C4_2", -15, 66.46, "T", "SMD", "VCC", "", "R", 31.11, 21.26, 0, 90],
		[9, "C5_1", 110, 23.54, "T", "SMD", "GND", "GND", "R", 31.11, 21.26, 0, 90],
		[10, "C5_2", 110, 66.46, "T", "SMD", "VCC", "", "R", 31.11, 21.26, 0, 90],
		[11, "C6_1", 276.46, 390, "T", "SMD", "GND", "GND", "R", 31.11, 21.26, 0, 180],
		[12, "C6_2", 233.54, 390, "T", "SMD", "VCC", "", "R", 31.11, 21.26, 0, 180],
		[13, "C7_1", -159.83, 84.83, "T", "SMD", "GND", "GND", "R", 31.11, 21.26, 0, 135],
		[14, "C7_2", -190.17, 115.17, "T", "SMD", "VCC", "", "R", 31.11, 21.26, 0, 135],
		[15, "C9_1", 30, 23.54, "T", "SMD", "GND", "GND", "R", 31.11, 21.26, 0, 90],
		[16, "C9_2", 30, 66.46, "T", "SMD", "1V1", "", "R", 31.11, 21.26, 0, 90],
		[17, "C10_1", -250.44, 272.95, "T", "SMD", "GND", "GND", "R", 31.11, 21.26, 0, 0],
		[18, "C10_2", -207.52, 272.95, "T", "SMD", "1V1", "", "R", 31.11, 21.26, 0, 0],
		[19, "C11_1", 25, 574.37, "T", "SMD", "GND", "GND", "R", 55.51, 53.15, 0, 270],
		[20, "C11_2", 25, 495.63, "T", "SMD", "1V1", "", "R", 55.51, 53.15, 0, 270],
		[21, "C12_1", 572.44, -135, "T", "SMD", "GND", "GND", "R", 31.5, 35.43, 0, 0],
		[22, "C12_2", 627.56, -135, "T", "SMD", "VCC", "", "R", 31.5, 35.43, 0, 0],
		[23, "C13_1", -701.39, 380, "T", "SMD", "VIN", "", "R", 69.19, 51.02, 0, 180],
		[24, "C13_2", -568.61, 380, "T", "SMD", "GND", "GND", "R", 69.19, 51.02, 0, 180],
		[25, "C14_1", -701.39, -85, "T", "SMD", "VCC", "", "R", 69.19, 51.02, 0, 180],
		[26, "C14_2", -568.61, -85, "T", "SMD", "GND", "GND", "R", 69.19, 51.02, 0, 180],
		[27, "C15_1", -358.54, 135, "T", "SMD", "GND", "GND", "R", 31.11, 21.26, 0, 180],
		[28, "C15_2", -401.46, 135, "T", "SMD", "XIN", "", "R", 31.11, 21.26, 0, 180],
		[29, "C16_1", -263.54, 380, "T", "SMD", "GND", "GND", "R", 31.11, 21.26, 0, 180],
		[30, "C16_2", -306.46, 380, "T", "SMD", "XOUT", "", "R", 31.11, 21.26, 0, 180],
		[31, "C17_1", 180.63, 95, "T", "SMD", "$3N5159", "", "R", 55.51, 53.15, 0, 0],
		[32, "C17_2", 259.37, 95, "T", "SMD", "GND", "GND", "R", 55.51, 53.15, 0, 0],
		[33, "C18_1", 340, 85.63, "T", "SMD", "GND", "GND", "R", 55.51, 53.15, 0, 90],
		[34, "C18_2", 340, 164.37, "T", "SMD", "1V1", "", "R", 55.51, 53.15, 0, 90],
		[35, "C19_1", 294.37, 330, "T", "SMD", "GND", "GND", "R", 55.51, 53.15, 0, 180],
		[36, "C19_2", 215.63, 330, "T", "SMD", "VCC", "", "R", 55.51, 53.15, 0, 180],
		[37, "C20_1", -450, 46.46, "T", "SMD", "VCC", "", "R", 31.11, 21.26, 0, 270],
		[38, "C20_2", -450, 3.54, "T", "SMD", "GND", "GND", "R", 31.11, 21.26, 0, 270],
		[39, "C21_1", -495, 3.54, "T", "SMD", "GND", "GND", "R", 31.11, 21.26, 0, 90],
		[40, "C21_2", -495, 46.46, "T", "SMD", "VCC", "", "R", 31.11, 21.26, 0, 90],
		[41, "C22_1", -397.95, 500.63, "T", "SMD", "GND", "GND", "R", 31.11, 21.26, 0, 90],
		[42, "C22_2", -397.95, 543.55, "T", "SMD", "VCC", "", "R", 31.11, 21.26, 0, 90],
		[43, "C23_1", -452.95, 494.53, "T", "SMD", "GND", "GND", "R", 31.5, 35.43, 0, 90],
		[44, "C23_2", -452.95, 549.65, "T", "SMD", "VCC", "", "R", 31.5, 35.43, 0, 90],
		[45, "C24_1", -319.41, 612.09, "T", "SMD", "GND", "GND", "R", 31.11, 21.26, 0, 0],
		[46, "C24_2", -276.49, 612.09, "T", "SMD", "VCC", "", "R", 31.11, 21.26, 0, 0],
		[47, "D1_1", -37.4, -328.15, "T", "SMD", "D-", "", "R", 43.31, 23.62, 0, 270],
		[48, "D1_2", 0, -328.15, "T", "SMD", "GND", "GND", "R", 43.31, 23.62, 0, 270],
		[49, "D1_3", 37.4, -328.15, "T", "SMD", "D+", "", "R", 43.31, 23.62, 0, 270],
		[50, "D1_4", 37.4, -221.85, "T", "SMD", "USB_DP", "", "R", 43.31, 23.62, 0, 270],
		[51, "D1_5", 0, -221.85, "T", "SMD", "VBUS", "", "R", 43.31, 23.62, 0, 270],
		[52, "D1_6", -37.4, -221.85, "T", "SMD", "USB_DM", "", "R", 43.31, 23.62, 0, 270],
		[53, "H1_1", -310, 725, "T", "DIP", "GND", "GND", "R", 66.93, 66.93, 43.31, 0],
		[54, "H1_1", -310, 725, "B", "DIP", "GND", "GND", "R", 66.93, 66.93, 43.31, 0],
		[55, "H1_2", -210, 725, "T", "DIP", "VBAT", "", "C", 66.93, 66.93, 43.31, 0],
		[56, "H1_2", -210, 725, "B", "DIP", "VBAT", "", "C", 66.93, 66.93, 43.31, 0],
		[57, "H1_3", -110, 725, "T", "DIP", "H1_3", "", "C", 66.93, 66.93, 43.31, 0],
		[58, "H1_3", -110, 725, "B", "DIP", "H1_3", "", "C", 66.93, 66.93, 43.31, 0],
		[59, "H2_1", 0, 725, "T", "DIP", "GND", "GND", "R", 66.93, 66.93, 43.31, 0],
		[60, "H2_1", 0, 725, "B", "DIP", "GND", "GND", "R", 66.93, 66.93, 43.31, 0],
		[61, "H2_2", 100, 725, "T", "DIP", "VCC", "", "C", 66.93, 66.93, 43.31, 0],
		[62, "H2_2", 100, 725, "B", "DIP", "VCC", "", "C", 66.93, 66.93, 43.31, 0],
		[63, "H2_3", 200, 725, "T", "DIP", "TX", "", "C", 66.93, 66.93, 43.31, 0],
		[64, "H2_3", 200, 725, "B", "DIP", "TX", "", "C", 66.93, 66.93, 43.31, 0],
		[65, "H2_4", 300, 725, "T", "DIP", "RX", "", "C", 66.93, 66.93, 43.31, 0],
		[66, "H2_4", 300, 725, "B", "DIP", "RX", "", "C", 66.93, 66.93, 43.31, 0],
		[67, "IMU_1", -248.27, 492.56, "T", "SMD", "SPI2_MISO", "", "R", 26.57, 11.02, 0, 180],
		[68, "IMU_2", -248.27, 512.25, "T", "SMD", "IMU_2", "", "R", 26.57, 11.02, 0, 180],
		[69, "IMU_3", -248.27, 531.93, "T", "SMD", "IMU_3", "", "R", 26.57, 11.02, 0, 180],
		[70, "IMU_4", -248.27, 551.62, "T", "SMD", "IMU_INT1", "", "R", 26.57, 11.02, 0, 180],
		[71, "IMU_5", -278.27, 561.95, "T", "SMD", "VCC", "", "R", 11.02, 26.57, 0, 180],
		[72, "IMU_6", -297.95, 561.95, "T", "SMD", "GND", "GND", "R", 11.02, 26.57, 0, 180],
		[73, "IMU_7", -317.64, 561.95, "T", "SMD", "GND", "GND", "R", 11.02, 26.57, 0, 180],
		[74, "IMU_8", -347.64, 551.62, "T", "SMD", "VCC", "", "R", 26.57, 11.02, 0, 180],
		[75, "IMU_9", -347.64, 531.93, "T", "SMD", "IMU_INT2", "", "R", 26.57, 11.02, 0, 180],
		[76, "IMU_10", -347.64, 512.25, "T", "SMD", "IMU_10", "", "R", 26.57, 11.02, 0, 180],
		[77, "IMU_11", -347.64, 492.56, "T", "SMD", "GND", "GND", "R", 26.57, 11.02, 0, 180],
		[78, "IMU_12", -317.64, 482.23, "T", "SMD", "SPI2_CS", "", "R", 11.02, 26.57, 0, 180],
		[79, "IMU_13", -297.95, 482.23, "T", "SMD", "SPI2_SCLK", "", "R", 11.02, 26.57, 0, 180],
		[80, "IMU_14", -278.27, 482.23, "T", "SMD", "SPI2_MOSI", "", "R", 11.02, 26.57, 0, 180],
		[81, "L1_1", 267.55, 170, "T", "SMD", "1V1", "", "R", 31.5, 34.02, 0, 0],
		[82, "L1_2", 212.45, 170, "T", "SMD", "$3N5414", "", "R", 31.5, 34.02, 0, 0],
		[83, "LED1_1", -41.35, -80, "T", "SMD", "VCC", "", "R", 39.37, 55.1, 0, 0],
		[84, "LED1_2", 41.35, -80, "T", "SMD", "$3N15012", "", "R", 39.37, 55.1, 0, 0],
		[85, "R1_1", 168.98, -116.17, "T", "SMD", "GND", "GND", "R", 22.27, 21.26, 0, 0],
		[86, "R1_2", 203.06, -116.17, "T", "SMD", "$3N2079", "", "R", 22.27, 21.26, 0, 0],
		[87, "R2_1", -204.21, -215.74, "T", "SMD", "$3N3092", "", "R", 22.27, 21.26, 0, 0],
		[88, "R2_2", -170.13, -215.74, "T", "SMD", "QSPI_SS", "", "R", 22.27, 21.26, 0, 0],
		[89, "R3_1", -77.96, -375, "T", "SMD", "$3N3395", "", "R", 22.27, 21.26, 0, 180],
		[90, "R3_2", -112.04, -375, "T", "SMD", "GND", "GND", "R", 22.27, 21.26, 0, 180],
		[91, "R4_1", 77.96, -375, "T", "SMD", "$3N3399", "", "R", 22.27, 21.26, 0, 0],
		[92, "R4_2", 112.04, -375, "T", "SMD", "GND", "GND", "R", 22.27, 21.26, 0, 0],
		[93, "R5_1", -352.04, 330, "T", "SMD", "$3N4615", "", "R", 22.27, 21.26, 0, 0],
		[94, "R5_2", -317.96, 330, "T", "SMD", "XOUT", "", "R", 22.27, 21.26, 0, 0],
		[95, "R6_1", 232.04, 230, "T", "SMD", "USB_DM", "", "R", 22.27, 21.26, 0, 180],
		[96, "R6_2", 197.96, 230, "T", "SMD", "$3N4980", "", "R", 22.27, 21.26, 0, 180],
		[97, "R7_1", 232.04, 270, "T", "SMD", "USB_DP", "", "R", 22.27, 21.26, 0, 180],
		[98, "R7_2", 197.96, 270, "T", "SMD", "$3N4984", "", "R", 22.27, 21.26, 0, 180],
		[99, "R8_1", 237.04, 30, "T", "SMD", "$3N5159", "", "R", 22.27, 21.26, 0, 180],
		[100, "R8_2", 202.96, 30, "T", "SMD", "VCC", "", "R", 22.27, 21.26, 0, 180],
		[101, "R17_1", 29.66, -145, "T", "SMD", "$3N15012", "", "R", 31.75, 34.02, 0, 180],
		[102, "R17_2", -29.66, -145, "T", "SMD", "GND", "GND", "R", 31.75, 34.02, 0, 180],
		[103, "R22_1", -468.59, -241.75, "T", "SMD", "LED_R", "", "R", 31.75, 34.02, 0, 270],
		[104, "R22_2", -468.59, -301.07, "T", "SMD", "$3N20270", "", "R", 31.75, 34.02, 0, 270],
		[105, "R23_1", -523.59, -241.75, "T", "SMD", "LED_G", "", "R", 31.75, 34.02, 0, 270],
		[106, "R23_2", -523.59, -301.07, "T", "SMD", "$3N20309", "", "R", 31.75, 34.02, 0, 270],
		[107, "R24_1", -578.59, -241.75, "T", "SMD", "LED_B", "", "R", 31.75, 34.02, 0, 270],
		[108, "R24_2", -578.59, -301.07, "T", "SMD", "$3N20348", "", "R", 31.75, 34.02, 0, 270],
		[109, "R25_1", -633.59, -241.75, "T", "SMD", "LED_W", "", "R", 31.75, 34.02, 0, 270],
		[110, "R25_2", -633.59, -301.07, "T", "SMD", "$3N20387", "", "R", 31.75, 34.02, 0, 270],
		[111, "RGB_1", -619.46, -372.24, "T", "SMD", "$3N20387", "", "R", 21.26, 43.31, 0, 180],
		[112, "RGB_2", -619.46, -550.58, "T", "SMD", "GND", "GND", "R", 21.26, 43.31, 0, 180],
		[113, "RGB_3", -572.21, -372.24, "T", "SMD", "$3N20348", "", "R", 21.26, 43.31, 0, 180],
		[114, "RGB_4", -572.21, -550.58, "T", "SMD", "GND", "GND", "R", 21.26, 43.31, 0, 180],
		[115, "RGB_5", -524.97, -372.24, "T", "SMD", "$3N20309", "", "R", 21.26, 43.31, 0, 180],
		[116, "RGB_6", -524.97, -550.58, "T", "SMD", "GND", "GND", "R", 21.26, 43.31, 0, 180],
		[117, "RGB_7", -477.72, -372.24, "T", "SMD", "$3N20270", "", "R", 21.26, 43.31, 0, 180],
		[118, "RGB_8", -477.72, -550.58, "T", "SMD", "GND", "GND", "R", 21.26, 43.31, 0, 180],
		[119, "SW1_1", 290, -271.02, "T", "SMD", "$3N2040", "", "R", 48.42, 53.54, 0, 90],
		[120, "SW1_2", 290, -98.98, "T", "SMD", "$3N2079", "", "R", 48.42, 53.54, 0, 90],
		[121, "SW2_1", -642.91, 634.37, "T", "SMD", "VBUS", "", "R", 27.56, 59.05, 0, 270],
		[122, "SW2_2", -642.91, 595, "T", "SMD", "VIN", "", "R", 27.56, 59.05, 0, 270],
		[123, "SW2_3", -642.91, 555.63, "T", "SMD", "VBAT", "", "R", 27.56, 59.05, 0, 270],
		[124, "SW2_4", -670.47, 703.27, "T", "SMD", "SW2_4", "", "R", 39.37, 31.5, 0, 270],
		[125, "SW2_4", -757.09, 703.27, "T", "SMD", "SW2_A_4", "", "R", 39.37, 31.5, 0, 270],
		[126, "SW2_5", -670.47, 486.73, "T", "SMD", "SW2_5", "", "R", 39.37, 31.5, 0, 270],
		[127, "SW2_5", -757.09, 486.73, "T", "SMD", "SW2_A_5", "", "R", 39.37, 31.5, 0, 270],
		[128, "U1_1", 108.15, 417.18, "T", "SMD", "VCC", "", "R", 34.45, 7.87, 0, 270],
		[129, "U1_2", 92.4, 417.18, "T", "SMD", "RX", "", "R", 34.45, 7.87, 0, 270],
		[130, "U1_3", 76.65, 417.18, "T", "SMD", "TX", "", "R", 34.45, 7.87, 0, 270],
		[131, "U1_4", 60.9, 417.18, "T", "SMD", "U1_4", "", "R", 34.45, 7.87, 0, 270],
		[132, "U1_5", 45.16, 417.18, "T", "SMD", "U1_5", "", "R", 34.45, 7.87, 0, 270],
		[133, "U1_6", 29.41, 417.18, "T", "SMD", "1V1", "", "R", 34.45, 7.87, 0, 270],
		[134, "U1_7", 13.66, 417.18, "T", "SMD", "U1_7", "", "R", 34.45, 7.87, 0, 270],
		[135, "U1_8", -2.09, 417.18, "T", "SMD", "IMU_INT2", "", "R", 34.45, 7.87, 0, 270],
		[136, "U1_9", -17.83, 417.18, "T", "SMD", "IMU_INT1", "", "R", 34.45, 7.87, 0, 270],
		[137, "U1_10", -33.58, 417.18, "T", "SMD", "U1_10", "", "R", 34.45, 7.87, 0, 270],
		[138, "U1_11", -49.33, 417.18, "T", "SMD", "VCC", "", "R", 34.45, 7.87, 0, 270],
		[139, "U1_12", -65.08, 417.18, "T", "SMD", "SPI2_MISO", "", "R", 34.45, 7.87, 0, 270],
		[140, "U1_13", -80.83, 417.18, "T", "SMD", "SPI2_CS", "", "R", 34.45, 7.87, 0, 270],
		[141, "U1_14", -96.58, 417.18, "T", "SMD", "SPI2_SCLK", "", "R", 34.45, 7.87, 0, 270],
		[142, "U1_15", -112.32, 417.18, "T", "SMD", "SPI2_MOSI", "", "R", 34.45, 7.87, 0, 270],
		[143, "U1_16", -142.83, 386.66, "T", "SMD", "U1_16", "", "R", 7.87, 34.45, 0, 270],
		[144, "U1_17", -142.83, 370.92, "T", "SMD", "U1_17", "", "R", 7.87, 34.45, 0, 270],
		[145, "U1_18", -142.83, 355.17, "T", "SMD", "U1_18", "", "R", 7.87, 34.45, 0, 270],
		[146, "U1_19", -142.83, 339.42, "T", "SMD", "U1_19", "", "R", 7.87, 34.45, 0, 270],
		[147, "U1_20", -142.83, 323.67, "T", "SMD", "VCC", "", "R", 7.87, 34.45, 0, 270],
		[148, "U1_21", -142.83, 307.92, "T", "SMD", "XIN", "", "R", 7.87, 34.45, 0, 270],
		[149, "U1_22", -142.83, 292.18, "T", "SMD", "XOUT", "", "R", 7.87, 34.45, 0, 270],
		[150, "U1_23", -142.83, 276.43, "T", "SMD", "1V1", "", "R", 7.87, 34.45, 0, 270],
		[151, "U1_24", -142.83, 260.68, "T", "SMD", "U1_24", "", "R", 7.87, 34.45, 0, 270],
		[152, "U1_25", -142.83, 244.93, "T", "SMD", "U1_25", "", "R", 7.87, 34.45, 0, 270],
		[153, "U1_26", -142.83, 229.18, "T", "SMD", "$3N2040", "", "R", 7.87, 34.45, 0, 270],
		[154, "U1_27", -142.83, 213.44, "T", "SMD", "SPI1_MISO", "", "R", 7.87, 34.45, 0, 270],
		[155, "U1_28", -142.83, 197.69, "T", "SMD", "SPI1_CS", "", "R", 7.87, 34.45, 0, 270],
		[156, "U1_29", -142.83, 181.94, "T", "SMD", "SPI1_SCLK", "", "R", 7.87, 34.45, 0, 270],
		[157, "U1_30", -142.83, 166.19, "T", "SMD", "VCC", "", "R", 7.87, 34.45, 0, 270],
		[158, "U1_31", -112.32, 135.68, "T", "SMD", "SPI1_MOSI", "", "R", 34.45, 7.87, 0, 270],
		[159, "U1_32", -96.57, 135.68, "T", "SMD", "U1_32", "", "R", 34.45, 7.87, 0, 270],
		[160, "U1_33", -80.84, 135.68, "T", "SMD", "LED_W", "", "R", 34.45, 7.87, 0, 270],
		[161, "U1_34", -65.08, 135.68, "T", "SMD", "LED_B", "", "R", 34.45, 7.87, 0, 270],
		[162, "U1_35", -49.33, 135.68, "T", "SMD", "LED_G", "", "R", 34.45, 7.87, 0, 270],
		[163, "U1_36", -33.58, 135.68, "T", "SMD", "LED_R", "", "R", 34.45, 7.87, 0, 270],
		[164, "U1_37", -17.83, 135.68, "T", "SMD", "U1_37", "", "R", 34.45, 7.87, 0, 270],
		[165, "U1_38", -2.1, 135.68, "T", "SMD", "VCC", "", "R", 34.45, 7.87, 0, 270],
		[166, "U1_39", 13.66, 135.68, "T", "SMD", "1V1", "", "R", 34.45, 7.87, 0, 270],
		[167, "U1_40", 29.41, 135.68, "T", "SMD", "U1_40", "", "R", 34.45, 7.87, 0, 270],
		[168, "U1_41", 45.16, 135.68, "T", "SMD", "U1_41", "", "R", 34.45, 7.87, 0, 270],
		[169, "U1_42", 60.91, 135.68, "T", "SMD", "U1_42", "", "R", 34.45, 7.87, 0, 270],
		[170, "U1_43", 76.64, 135.68, "T", "SMD", "U1_43", "", "R", 34.45, 7.87, 0, 270],
		[171, "U1_44", 92.4, 135.68, "T", "SMD", "VCC", "", "R", 34.45, 7.87, 0, 270],
		[172, "U1_45", 108.15, 135.68, "T", "SMD", "VCC", "", "R", 34.45, 7.87, 0, 270],
		[173, "U1_46", 138.66, 166.19, "T", "SMD", "$3N5159", "", "R", 7.87, 34.45, 0, 270],
		[174, "U1_47", 138.66, 181.94, "T", "SMD", "GND", "GND", "R", 7.87, 34.45, 0, 270],
		[175, "U1_48", 138.66, 197.69, "T", "SMD", "$3N5414", "", "R", 7.87, 34.45, 0, 270],
		[176, "U1_49", 138.66, 213.44, "T", "SMD", "VCC", "", "R", 7.87, 34.45, 0, 270],
		[177, "U1_50", 138.66, 229.18, "T", "SMD", "1V1", "", "R", 7.87, 34.45, 0, 270],
		[178, "U1_51", 138.66, 244.93, "T", "SMD", "$3N4980", "", "R", 7.87, 34.45, 0, 270],
		[179, "U1_52", 138.66, 260.68, "T", "SMD", "$3N4984", "", "R", 7.87, 34.45, 0, 270],
		[180, "U1_53", 138.66, 276.43, "T", "SMD", "VCC", "", "R", 7.87, 34.45, 0, 270],
		[181, "U1_54", 138.66, 292.18, "T", "SMD", "VCC", "", "R", 7.87, 34.45, 0, 270],
		[182, "U1_55", 138.66, 307.92, "T", "SMD", "QSPI_SD3", "", "R", 7.87, 34.45, 0, 270],
		[183, "U1_56", 138.66, 323.67, "T", "SMD", "QSPI_SCLK", "", "R", 7.87, 34.45, 0, 270],
		[184, "U1_57", 138.66, 339.42, "T", "SMD", "QSPI_SD0", "", "R", 7.87, 34.45, 0, 270],
		[185, "U1_58", 138.66, 355.17, "T", "SMD", "QSPI_SD2", "", "R", 7.87, 34.45, 0, 270],
		[186, "U1_59", 138.66, 370.92, "T", "SMD", "QSPI_SD1", "", "R", 7.87, 34.45, 0, 270],
		[187, "U1_60", 138.66, 386.66, "T", "SMD", "QSPI_SS", "", "R", 7.87, 34.45, 0, 270],
		[188, "U1_61", -2.09, 276.43, "T", "SMD", "GND", "GND", "R", 133.86, 133.86, 0, 270],
		[189, "U2_1", 635, 238.98, "T", "SMD", "QSPI_SS", "", "O", 24.8, 88.58, 0, 180],
		[190, "U2_2", 585, 238.98, "T", "SMD", "QSPI_SD1", "", "O", 24.8, 88.58, 0, 180],
		[191, "U2_3", 535, 238.98, "T", "SMD", "QSPI_SD2", "", "O", 24.8, 88.58, 0, 180],
		[192, "U2_4", 485, 238.98, "T", "SMD", "GND", "GND", "O", 24.8, 88.58, 0, 180],
		[193, "U2_5", 485, -38.98, "T", "SMD", "QSPI_SD0", "", "O", 24.8, 88.58, 0, 180],
		[194, "U2_6", 535, -38.98, "T", "SMD", "QSPI_SCLK", "", "O", 24.8, 88.58, 0, 180],
		[195, "U2_7", 585, -38.98, "T", "SMD", "QSPI_SD3", "", "O", 24.8, 88.58, 0, 180],
		[196, "U2_8", 635, -38.98, "T", "SMD", "VCC", "", "O", 24.8, 88.58, 0, 180],
		[197, "U3_1", -544.45, 261.93, "T", "SMD", "GND", "GND", "R", 98.42, 43.31, 0, 90],
		[198, "U3_2", -635, 261.93, "T", "SMD", "VCC", "", "R", 98.42, 43.31, 0, 90],
		[199, "U3_3", -725.55, 261.93, "T", "SMD", "VIN", "", "R", 98.42, 43.31, 0, 90],
		[200, "U3_4", -635, 28.07, "T", "SMD", "VCC", "", "R", 92.13, 141.73, 0, 90],
		[201, "U4_1", -423.31, 201.54, "T", "SMD", "XIN", "", "R", 55.12, 47.24, 0, 0],
		[202, "U4_2", -336.69, 201.54, "T", "SMD", "GND", "GND", "R", 55.12, 47.24, 0, 0],
		[203, "U4_3", -336.69, 268.46, "T", "SMD", "$3N4615", "", "R", 55.12, 47.24, 0, 0],
		[204, "U4_4", -423.31, 268.46, "T", "SMD", "GND", "GND", "R", 55.12, 47.24, 0, 0],
		[205, "U5_1", -326.46, 68.39, "T", "SMD", "GND", "GND", "R", 23.62, 15.75, 0, 0],
		[206, "U5_2", -326.46, 42.79, "T", "SMD", "SPI1_CS", "", "R", 23.62, 15.75, 0, 0],
		[207, "U5_3", -326.46, 17.21, "T", "SMD", "SPI1_MOSI", "", "R", 23.62, 15.75, 0, 0],
		[208, "U5_4", -326.46, -8.39, "T", "SMD", "SPI1_SCLK", "", "R", 23.62, 15.75, 0, 0],
		[209, "U5_5", -383.54, -8.39, "T", "SMD", "SPI1_MISO", "", "R", 23.62, 15.75, 0, 0],
		[210, "U5_6", -383.54, 17.21, "T", "SMD", "VCC", "", "R", 23.62, 15.75, 0, 0],
		[211, "U5_7", -383.54, 42.79, "T", "SMD", "GND", "GND", "R", 23.62, 15.75, 0, 0],
		[212, "U5_8", -383.54, 68.39, "T", "SMD", "VCC", "", "R", 23.62, 15.75, 0, 0],
		[213, "USB1_1", -125.98, -431.49, "T", "SMD", "GND", "GND", "R", 21.65, 43.31, 0, 0],
		[214, "USB1_2", -94.48, -431.49, "T", "SMD", "VBUS", "", "R", 21.65, 43.31, 0, 0],
		[215, "USB1_3", -68.89, -431.49, "T", "SMD", "USB1_3", "", "R", 11.81, 43.31, 0, 0],
		[216, "USB1_4", -49.2, -431.49, "T", "SMD", "$3N3395", "", "R", 11.81, 43.31, 0, 0],
		[217, "USB1_5", -29.52, -431.49, "T", "SMD", "D-", "", "R", 11.81, 43.31, 0, 0],
		[218, "USB1_6", -9.85, -431.49, "T", "SMD", "D+", "", "R", 11.81, 43.31, 0, 0],
		[219, "USB1_7", 9.85, -431.49, "T", "SMD", "D-", "", "R", 11.81, 43.31, 0, 0],
		[220, "USB1_8", 29.52, -431.49, "T", "SMD", "D+", "", "R", 11.81, 43.31, 0, 0],
		[221, "USB1_9", 49.22, -431.49, "T", "SMD", "USB1_9", "", "R", 11.81, 43.31, 0, 0],
		[222, "USB1_10", 68.9, -431.49, "T", "SMD", "$3N3399", "", "R", 11.81, 43.31, 0, 0],
		[223, "USB1_11", 94.5, -431.49, "T", "SMD", "VBUS", "", "R", 21.65, 43.31, 0, 0],
		[224, "USB1_12", 125.98, -431.49, "T", "SMD", "GND", "GND", "R", 21.65, 43.31, 0, 0],
		[225, "USB1_13", -170.28, -453.14, "T", "DIP", "GND", "GND", "O", 43.31, 78.74, 59.05, 0],
		[226, "USB1_13", -170.28, -453.14, "B", "DIP", "GND", "GND", "O", 43.31, 78.74, 59.05, 0],
		[227, "USB1_13", -170.28, -618.5, "T", "DIP", "GND", "GND", "O", 47.24, 70.87, 47.24, 0],
		[228, "USB1_13", -170.28, -618.5, "B", "DIP", "GND", "GND", "O", 47.24, 70.87, 47.24, 0],
		[229, "USB1_14", 170.28, -453.14, "T", "DIP", "GND", "GND", "O", 43.31, 78.74, 59.06, 0],
		[230, "USB1_14", 170.28, -453.14, "B", "DIP", "GND", "GND", "O", 43.31, 78.74, 59.06, 0],
		[231, "USB1_14", 170.28, -618.5, "T", "DIP", "GND", "GND", "O", 47.24, 70.87, 47.24, 0],
		[232, "USB1_14", 170.28, -618.5, "B", "DIP", "GND", "GND", "O", 47.24, 70.87, 47.24, 0],
		[233, "USB_BOOT_1", -288.15, -191.42, "T", "SMD", "$3N3092", "", "R", 48.42, 53.54, 0, 270],
		[234, "USB_BOOT_2", -288.15, -363.46, "T", "SMD", "GND", "GND", "R", 48.42, 53.54, 0, 270]
	]
}
}